,estimated_f2b,departure_time,log_likelihood,trips_number,gradient,asymptotic_confidence
0,0.0,2020-04-02 05:24:30,-91.1222270253192,19,-19.0,0.002770083102493075
1,0.0,2020-04-02 05:32:49,-18.516519918315705,4,-3.9999999999999996,0.0625
2,0.0,2020-04-02 05:45:35,-64.81895789804078,12,-8.905092154943842,0.009369093911905496
3,0.0,2020-04-02 05:46:56,-51.50875266390497,9,-3.3767843848779475,0.036371749294615896
4,0.0,2020-04-02 05:52:19,-29.79358445904251,5,-4.999999970009444,0.04000000047984889
5,0.0,2020-04-02 05:53:38,-13.93793551771283,2,9.615648505830131e-05,101788602.5387872
6,0.0,2020-04-02 06:03:13,-101.6849922172076,19,-14.511596241023561,0.0032938791468882823
7,0.0,2020-04-02 06:04:30,-35.59265948142751,7,-2.990406102185598,0.05355722806216057
8,0.0,2020-04-02 06:11:03,-73.6249649846445,15,-9.33902936340733,0.00255392923653786
9,0.2941391601562501,2020-04-02 06:12:23,-23.214473045830356,4,-0.002753035367329293,0.021296902768640862
10,0.0,2020-04-02 06:15:01,-23.719562547559374,4,-2.9694489922895553,0.08507500085146762
11,0.0,2020-04-02 06:18:20,-82.22669761985554,15,-10.950244690512813,0.006059858839884277
12,0.0,2020-04-02 06:23:27,-97.73308552399052,19,-17.920053954620894,0.0029491608746840064
13,0.1428013916015625,2020-04-02 06:26:10,-49.9481933256261,9,0.00461932288601119,0.0027088715508048295
14,0.0,2020-04-02 06:32:06,-84.354238219078,17,-12.91578866005652,0.00452383272472984
15,0.0,2020-04-02 06:35:20,-102.56820045849543,19,-11.30182263391753,0.002734678771633323
16,0.182678466796875,2020-04-02 06:37:27,-74.68560266325642,12,-0.0005736887253071435,0.0026963939824805254
17,0.0,2020-04-02 06:41:48,-78.63822720118227,15,-14.999978063981198,0.00444445744354755
18,0.0,2020-04-02 06:44:24,-39.21749017441147,8,-3.9999578509175633,0.031249999989552517
19,0.0,2020-04-02 06:49:00,-141.40184152965566,28,-24.575336576703613,0.0014751576078560538
20,0.0,2020-04-02 06:50:34,-92.92766223471409,17,-2.357289119873911,0.009697910201253804
21,0.0,2020-04-02 06:51:57,-79.84135523069716,14,-10.2493661028093,0.007523486289908938
22,0.0,2020-04-02 06:53:40,-22.872217780173457,5,-2.9848368154202634,0.06666906135288495
23,0.0,2020-04-02 06:59:53,-218.02810627976166,41,-33.86234384596983,0.0007172113512687241
24,0.08542474365234376,2020-04-02 07:03:25,-123.09101976155806,24,0.0009112073600072712,0.00025442739816107285
25,0.0,2020-04-02 07:06:21,-166.94461974221616,34,-15.03409548261473,0.0005598828421144898
26,0.0,2020-04-02 07:09:30,-155.79479399315608,30,-24.897972049084224,0.0013364910790751737
27,0.0,2020-04-02 07:17:21,-360.4020109241856,68,-29.496310195379422,4.4403039970595405e-05
28,0.06554718017578125,2020-04-02 07:18:59,-207.06679197353216,37,-0.00551301373569224,0.0001967495223589154
29,0.0,2020-04-02 07:22:12,-209.97354582591686,41,-27.614645818114038,0.0007649873677352854
30,0.0,2020-04-02 07:24:38,-192.99378488151436,38,-23.01395855997817,0.0011421087723304448
31,0.0,2020-04-02 07:27:02,-374.4679120016503,67,-36.484811204790766,0.00040008256782360515
32,0.024484920501708987,2020-04-02 07:30:54,-373.3558246249515,71,8.924046146230324e-05,8.189528017929048e-06
33,0.0,2020-04-02 07:32:15,-224.51047790225527,41,-10.806189964510423,0.00047870964274176174
34,0.0,2020-04-02 07:35:08,-324.1747581296083,59,-27.515282570583018,0.00012589760108821976
35,0.1209269256591797,2020-04-02 07:39:18,-514.4840914951967,93,-0.002026953054877545,3.073834311388942e-05
36,0.0671477508544922,2020-04-02 07:41:15,-399.30993029684316,71,-0.0031800897358102986,3.189824248067094e-05
37,0.0,2020-04-02 07:43:12,-356.2452655115059,66,-15.535785183603174,0.00013084110786125297
38,0.0,2020-04-02 07:44:50,-304.10320857071395,56,-32.16961653906982,0.000579327959620482
39,0.0,2020-04-02 07:46:10,-252.03029744512713,48,-11.529820277590812,0.0013973984895127303
40,0.0,2020-04-02 07:49:52,-394.58701771788026,75,-33.688502335434364,2.8631611938857237e-05
41,0.08246749877929688,2020-04-02 07:52:22,-359.1980663932264,64,-0.007419736420605987,7.491648390013905e-05
42,0.07643106079101564,2020-04-02 07:54:06,-383.8551477044606,67,-0.004077653360278065,4.830848230116215e-05
43,0.04046395111083985,2020-04-02 07:55:48,-420.68863747046123,75,0.005624941339036016,3.0377887296290275e-05
44,0.01360485076904297,2020-04-02 07:57:36,-382.2013737847952,68,0.028152846110429897,2.124410300846519e-05
45,0.017918769836425784,2020-04-02 07:59:23,-283.1494470487222,50,0.003558506917239246,1.8360738927349532e-05
46,0.0,2020-04-02 08:01:39,-307.60052931073335,50,-34.68723920337705,0.0005721112760799338
47,0.03173131370544433,2020-04-02 08:08:07,-955.7333953694614,172,0.005796980025029264,1.751788910237256e-06
48,0.4728085784912109,2020-04-02 08:13:26,-1197.7805205579828,202,0.008205352658149812,7.928996577840395e-06
49,0.052372959136962896,2020-04-02 08:14:57,-983.4978562001285,165,0.0031887289094061355,4.319893466295303e-06
50,0.10778700256347656,2020-04-02 08:17:15,-832.5817210885424,138,0.0020645711812674605,1.838250469362485e-05
51,0.0,2020-04-02 08:19:15,-605.2169566763246,103,-15.761827459836873,1.8916425951780273e-05
52,0.5056126556396483,2020-04-02 08:24:36,-1343.5149530089889,240,0.0016352348475014988,7.736561663214895e-06
53,0.04213692855834961,2020-04-02 08:26:08,-1363.5713662735302,243,-0.0022420045561162283,2.363734046934449e-06
54,0.21014730834960937,2020-04-02 08:27:51,-968.564716966095,169,0.0011537032112419743,2.7818567492342527e-05
55,0.0030296516418457037,2020-04-02 08:29:45,-879.9538045081932,159,-0.004537181245974853,3.7098690961728874e-06
56,0.0,2020-04-02 08:32:14,-955.1735863285377,170,-87.70657694947104,6.115373465997996e-05
57,0.057449054718017575,2020-04-02 08:36:03,-873.1659908903689,162,0.0018412022986695753,4.6440203041691574e-06
58,0.34057095336914067,2020-04-02 08:38:01,-785.8549658351474,140,0.001558823354472028,3.217845048765752e-05
59,0.0,2020-04-02 08:39:41,-908.5822057905222,160,-51.94275269822229,6.144625401657177e-05
60,0.1553163299560547,2020-04-02 08:41:45,-1010.3834085688372,180,-0.00376668996833492,1.6857420869259743e-05
61,0.0,2020-04-02 08:43:20,-682.7289576282438,123,-42.18369758872894,5.303696218254989e-05
62,0.008507795333862304,2020-04-02 08:45:47,-815.5436898577015,147,0.007737367612588253,1.3955787929356175e-06
63,0.006531852722167969,2020-04-02 08:48:52,-928.2069459664676,164,0.005620866909708866,7.5414539092594e-06
64,0.193356559753418,2020-04-02 08:52:11,-1268.7156403671524,221,0.001129405916673265,6.812208335077055e-06
65,0.2882704010009766,2020-04-02 08:54:10,-1017.6362702854375,174,-0.0037672254540136647,1.6852391481901828e-05
66,0.0,2020-04-02 08:56:12,-994.0123309644415,175,-27.02799522086844,1.3597361205740284e-05
67,0.00604405975341797,2020-04-02 08:57:46,-806.0561680149912,144,-0.006827174520419588,7.1927556938786375e-06
68,0.0,2020-04-02 09:00:07,-828.2428689440994,154,-9.593435402718285,5.920684200315287e-06
69,0.0026161708831787113,2020-04-02 09:02:26,-747.4325719156885,134,0.002516357064160868,1.4993019737782717e-06
70,0.04013621520996094,2020-04-02 09:04:34,-573.2455454942007,102,0.005103134257760447,1.8080104511850637e-05
71,0.0033878746032714848,2020-04-02 09:06:58,-662.3675254107537,121,0.002628457269647275,4.591304306862924e-06
72,0.0,2020-04-02 09:09:02,-680.8327949820771,126,-44.75529385714733,7.687109158994081e-05
73,0.04922135925292968,2020-04-02 09:10:59,-555.4877409465843,103,0.007985084883698076,1.525922267485253e-05
74,0.05887051391601562,2020-04-02 09:12:29,-451.2202607930462,81,0.005213814254245053,4.56315336717814e-05
75,0.0,2020-04-02 09:15:24,-635.0724608508216,120,-81.89821170618829,0.00010401039563179374
76,0.0,2020-04-02 09:16:43,-345.29982007135715,66,-22.80814057015239,0.0006567891800068841
77,0.0,2020-04-02 09:19:22,-400.5127816853636,80,-51.106889859938605,0.00018257864077900318
78,0.0,2020-04-02 09:21:03,-295.88938506913337,56,-22.128218708625912,0.0007820984538395069
79,0.0,2020-04-02 09:22:56,-302.1135900646727,58,-33.617095598312666,0.000511493388210863
80,0.0,2020-04-02 09:27:51,-555.0122143066094,110,-85.80177930833389,6.802497228803665e-05
81,0.0,2020-04-02 09:29:59,-386.44277927221344,68,-5.145225411157624,8.407999933283887e-05
82,0.025765377044677733,2020-04-02 09:33:04,-552.4729774508087,102,0.0003059357952110951,5.587589579219319e-06
83,0.035387855529785156,2020-04-02 09:35:42,-467.48428338071477,80,0.006421778356197444,1.0691015721760031e-05
84,0.020346302032470703,2020-04-02 09:39:08,-403.4935382487798,74,-0.003288334476122312,5.813721833979351e-06
85,0.045326637268066405,2020-04-02 09:41:01,-285.6457757644397,52,0.00458095508913714,2.6335594308521942e-05
86,0.0,2020-04-02 09:48:30,-581.0205404519471,113,-42.15073936353802,2.9877705552469627e-05
87,0.0,2020-04-02 09:50:01,-359.7275230478374,68,-9.965243838677056,0.0007553740742531125
88,0.0,2020-04-02 09:51:20,-164.19467421873674,30,-8.401457067873972,0.005398585125424312
89,0.0,2020-04-02 09:53:19,-136.89488948307314,26,-10.024264640286605,0.0007660903513283432
90,0.0,2020-04-02 09:55:52,-186.5526850014618,35,-18.83173188764128,0.0015004429891474903
91,0.0,2020-04-02 10:00:24,-223.660362894051,42,-36.96819727841904,0.0006434860939590126
92,0.0,2020-04-02 10:04:15,-206.23804592173116,39,-27.564319716501842,0.0009126229948650483
93,0.030525169372558593,2020-04-02 10:12:04,-323.9284419469273,63,-0.003743646965963743,1.2591927996514836e-05
94,0.01794163513183594,2020-04-02 10:14:15,-237.87626077185968,43,-0.006315339705040638,4.4543395478839384e-05
95,0.0,2020-04-02 10:15:45,-144.6987269807818,25,-12.20590776477912,0.003478494960501562
96,0.02602832794189453,2020-04-02 10:21:13,-156.13599636369023,30,0.0010355159824069204,3.918862169310477e-05
97,0.0,2020-04-02 10:23:38,-76.55776842701526,14,-8.110527429048503,0.008051930748370602
98,0.0,2020-04-02 10:28:34,-193.32294099559746,37,-25.447710171036743,0.00103600647657203
99,0.0,2020-04-02 10:32:12,-130.1172276542855,23,-7.340275278170782,0.0003489347433789001
100,0.0,2020-04-02 10:35:23,-203.64037282002337,35,-18.919517475782072,0.0010779982446756566
101,0.033528144836425786,2020-04-02 10:40:57,-189.19855506154448,33,0.003787534539964499,3.420593215035411e-05
102,0.0,2020-04-02 10:45:05,-125.32152004789961,23,-18.0189300039777,0.002416400023267096
103,0.0,2020-04-02 10:48:59,-97.22661857514149,17,-15.999125644999399,0.0036765575844650393
104,0.05880953979492187,2020-04-02 10:52:52,-95.12743416869301,19,-0.007765197317928907,0.00017587307319946713
105,0.024008560180664062,2020-04-02 10:58:03,-141.80549203716035,25,0.0027439900849340576,0.0001021342170049549
106,0.0,2020-04-02 11:00:45,-112.00401101917453,19,-12.55349064703357,0.004340758369576443
107,0.00970631790161133,2020-04-02 11:08:42,-220.17987961143842,44,0.001570690950954523,1.5506799096416946e-05
108,0.0,2020-04-02 11:10:45,-81.77365643056352,15,-8.383129866274846,0.008634348770973382
109,0.0,2020-04-02 11:15:14,-101.37325519324156,20,-14.52304341169964,0.0033103064347300643
110,0.0,2020-04-02 11:18:04,-105.61927500950958,20,-13.910357376923548,0.0036111814528931195
111,0.12036291503906252,2020-04-02 11:21:14,-115.06878758287263,16,-0.002115262414226721,-0.0011391249192520933
112,0.23115289306640624,2020-04-02 11:24:59,-172.1601673486502,26,-0.001577476698441549,0.0002702688638639269
113,0.13103338623046873,2020-04-02 11:27:18,-154.4075933029501,23,0.0011443853439768864,5.751622816297973e-05
114,0.06801663208007813,2020-04-02 11:32:22,-204.8046732362603,32,-0.0008109966982603467,-0.00010452184044600299
115,0.0,2020-04-02 11:35:18,-166.71395378912547,23,-17.24642042802097,0.002503638521572323
116,0.0,2020-04-02 11:41:58,-137.09058011783512,26,-19.49199713249832,0.0015356621597239846
117,0.09615618896484375,2020-04-02 11:45:12,-153.9810330946541,28,0.0009575025488697264,0.00023890089402234393
118,0.06868734741210938,2020-04-02 11:47:49,-178.5002580122283,31,0.002537195932148295,0.00014648946349145667
119,0.0,2020-04-02 11:53:11,-164.1544275850603,30,-24.995059458731138,0.0013334004184430673
120,0.0,2020-04-02 11:56:19,-76.42363251480329,14,-11.999954317658503,0.005952426360474611
121,0.023459793090820313,2020-04-02 12:01:09,-142.54258729414994,26,0.00042850066767674555,8.156453569571383e-05
122,0.0,2020-04-02 12:04:22,-161.07461876315628,28,-19.06451016057298,0.00161658746492698
123,0.030166946411132812,2020-04-02 12:09:20,-202.07137547729567,36,0.00047185939017459823,7.997580439340978e-05
124,0.11746664428710937,2020-04-02 12:12:30,-233.85053458416346,41,0.000742440513703535,0.00010221850541195097
125,0.0,2020-04-02 12:14:42,-215.4353999659325,38,-28.616673995430762,0.000916418546977671
126,0.0,2020-04-02 12:20:56,-159.9278410328629,32,-30.969284966790863,0.0010080619216889714
127,0.12990536499023436,2020-04-02 12:31:38,-280.7421488237025,53,0.009708824922830317,6.573873039568324e-05
128,0.2662130126953125,2020-04-02 12:33:16,-146.13840161844357,24,-0.0068174796784301606,0.0007435009455091242
129,0.05031889343261718,2020-04-02 12:37:57,-158.89466017282126,28,-0.0003326976668163173,9.313024410856543e-05
130,0.0,2020-04-02 12:41:21,-136.83828801539022,21,-8.913790821244284,0.0015456528999043533
131,0.06441915893554687,2020-04-02 12:44:55,-149.0540326811306,26,-0.0036774550479572454,0.0001491159079073788
132,0.05556266784667968,2020-04-02 12:49:24,-102.47630587949581,18,-0.002769934342953695,0.0001620943114810153
133,0.09140020751953125,2020-04-02 12:51:43,-107.5993162486179,19,0.005243029949315137,0.00041707966298887153
134,0.05432032012939454,2020-04-02 12:58:00,-251.58830308201007,44,-0.004414370351334185,-1.553637311677692e-05
135,0.062467987060546876,2020-04-02 13:00:53,-135.3336358780923,21,0.0024903670884422677,-7.718908959472579e-05
136,0.059236358642578125,2020-04-02 13:04:12,-136.80074083387655,24,0.009024245855957291,0.00011102869443725475
137,0.03992280578613282,2020-04-02 13:07:47,-174.91639793227114,29,0.0007312414784704151,-9.21662686166911e-05
138,0.038924354553222656,2020-04-02 13:12:29,-188.75488720994045,33,-7.48352114356976e-05,4.2909914338508666e-05
139,0.0,2020-04-02 13:15:29,-195.9020072457541,29,-11.008194696030642,0.0004561428284327959
140,0.0,2020-04-02 13:21:02,-259.35541326725405,43,-5.105369946622426,-2.875587664829614e-07
141,0.0,2020-04-02 13:23:47,-160.4944020605219,23,-18.73413959920818,-5.905934966456286e-05
142,0.0,2020-04-02 13:26:46,-176.57552974238683,26,-12.25513339904047,0.002877880920611033
143,0.030692848205566406,2020-04-02 13:31:50,-265.42246490925146,43,-0.004005480676206874,2.1152804739800758e-05
144,0.0,2020-04-02 13:37:24,-194.24361575658648,35,-26.08249170957308,0.0006353418717079772
145,0.03692745208740235,2020-04-02 13:41:12,-166.26870330350764,31,-0.0030212012363461938,4.277162572913824e-05
146,0.0,2020-04-02 13:43:34,-82.57127508561437,16,-8.417917340407712,0.006886448319416449
147,0.0,2020-04-02 13:48:42,-189.85065521133947,36,-3.478200170466226,4.3250355567317046e-05
148,0.0,2020-04-02 13:51:49,-118.77002888796501,23,-18.87676563464403,0.0022947215647566538
149,0.0,2020-04-02 13:54:47,-76.58711081616276,15,-10.479528633369098,0.005959116424462038
150,0.056553497314453124,2020-04-02 14:00:01,-150.09248674849434,27,0.005041720008530112,0.0001378809347758913
151,0.07598899841308593,2020-04-02 14:04:13,-174.24768095606692,32,0.0053796693511882765,8.578951141895645e-05
152,0.0,2020-04-02 14:07:49,-106.07649003560888,18,-15.998907413632319,0.003472670349252275
153,0.06350454711914064,2020-04-02 14:12:52,-167.03679597111824,29,-0.003963032331981753,0.00010671810929528217
154,0.0,2020-04-02 14:15:25,-124.99830386638601,21,-18.94102813839968,0.0025186243607905607
155,0.08947952270507814,2020-04-02 14:22:02,-181.9573615801642,35,-0.00425144173358305,9.182537370059814e-05
156,0.0,2020-04-02 14:23:50,-99.92229682310915,17,-0.15724175718451905,0.0009870339023567499
157,0.0,2020-04-02 14:27:32,-78.56725070115229,14,-7.953387808186445,0.009199617823982095
158,0.0,2020-04-02 14:31:48,-138.73999028441733,28,-25.35228068112239,0.0013599430107492227
159,0.0,2020-04-02 14:36:15,-161.5038303227591,32,-23.44194242111511,0.0012983444020955152
160,0.19017828369140627,2020-04-02 14:41:24,-167.65398753131117,30,0.00586215855666139,0.00029754402795157726
161,0.0,2020-04-02 14:43:33,-112.4245112282087,19,-15.736502067263434,0.0033996320946220373
162,0.05594375610351562,2020-04-02 14:47:49,-116.42618332020487,20,-0.006529857189209398,-0.00016500048293438966
163,0.10466207885742188,2020-04-02 14:53:45,-144.37969354487058,24,-0.005460271978988018,0.00018285160911267356
164,0.06673617553710937,2020-04-02 14:57:29,-132.67592841168053,20,0.0007571087989841629,4.905566585295585e-05
165,0.08725396728515625,2020-04-02 15:00:03,-152.1100288443458,24,-0.005717450960999581,-9.927055775647342e-05
166,0.04004475402832032,2020-04-02 15:03:44,-190.03201420580686,32,0.002981352945083726,4.853698433338776e-05
167,0.08039437866210938,2020-04-02 15:07:57,-102.94285628679707,19,0.0015306296671655476,0.00030380159562313504
168,0.0,2020-04-02 15:13:19,-198.4803093855374,39,-28.9683983792103,0.0008842539034881556
169,0.0,2020-04-02 15:17:09,-122.18376274068582,23,-17.86715213997989,0.0024150925743953488
170,0.0,2020-04-02 15:20:21,-115.6749078416915,22,-13.540423315896902,0.003234637215752613
171,0.0,2020-04-02 15:23:53,-157.68942595373497,29,-20.969942054095934,0.0015387713257989444
172,0.0,2020-04-02 15:27:55,-103.04942524234073,19,-15.648855976273412,0.003264519106638525
173,0.07655300903320311,2020-04-02 15:33:35,-146.21340859040296,25,0.00015806345353319706,0.00013885130682339886
174,0.0,2020-04-02 15:36:50,-95.77803547350629,13,-8.528529466376053,0.008380707503118982
175,0.08004377746582031,2020-04-02 15:42:07,-229.24752645997103,40,0.0005320701790385574,6.59904806013966e-05
176,0.08368698120117188,2020-04-02 15:45:44,-193.70588850062336,33,0.004935114420905329,0.00012373883415456714
177,0.06679714965820313,2020-04-02 15:49:38,-105.31437835340859,17,0.0043862106653307364,0.00025613988114513717
178,0.22609204101562502,2020-04-02 15:52:07,-53.634596539005926,8,0.0018809993749541176,0.006197700853941968
179,0.03331473541259765,2020-04-02 15:57:13,-195.14420118988957,32,-0.006987933349674957,3.3613963396948614e-05
180,0.0,2020-04-02 16:01:14,-119.36424631549536,22,-16.94063704517118,0.0026736445319122918
181,0.0,2020-04-02 16:03:56,-93.47517097955729,19,-15.87528963831871,0.0032866459684210967
182,0.0,2020-04-02 16:07:52,-110.95157527067616,22,-13.41095954994839,0.0032137342842600736
183,0.04437391662597656,2020-04-02 16:12:32,-308.08832414694814,56,0.00457856915536925,2.771499843282553e-05
184,0.06160672760009765,2020-04-02 16:15:39,-336.45924836648294,61,0.002279558985122332,2.0787602759461178e-05
185,0.0,2020-04-02 16:19:56,-170.16314040529699,32,-22.696341440586426,0.001358276023927222
186,0.024923171997070313,2020-04-02 16:23:42,-162.43352114607768,28,-0.0014394289563712803,8.136872145264956e-05
187,0.028467292785644534,2020-04-02 16:28:17,-252.28556359348022,46,-0.0016226503726295416,1.9907861748862536e-05
188,0.09088192749023438,2020-04-02 16:30:30,-131.49513578647074,23,0.001460445615564021,0.00022451489223315575
189,0.0,2020-04-02 16:34:50,-185.44217974597768,35,-28.5923318289693,0.0009806980062417473
190,0.0,2020-04-02 16:38:29,-209.6283417118595,39,-31.08424781806371,0.0008235320566775897
191,0.0,2020-04-02 16:40:58,-180.21656020734278,34,-20.70076316075055,0.0014037673577553217
192,0.0,2020-04-02 16:43:35,-129.6666743496088,24,-9.460645400318572,0.0009618910156136998
193,0.0,2020-04-02 16:45:34,-171.3885976025043,31,-24.861139529619326,0.0012992076582967063
194,0.08612594604492188,2020-04-02 16:49:46,-206.81080663958193,37,-0.0030073407902257987,0.00021845924240575392
195,0.14475256347656248,2020-04-02 16:51:30,-162.51942558405597,29,0.004734533220697747,0.0004845417451955137
196,0.028017608642578122,2020-04-02 16:53:28,-162.97699111740687,29,0.0020151165413782035,0.00031527717762879414
197,0.03667593383789063,2020-04-02 16:55:50,-205.2705225690739,35,-0.005510306276624188,0.00010778030633043517
198,0.03582991790771485,2020-04-02 16:58:34,-200.90249687908226,36,0.00015860978710202644,4.1007253231112277e-05
199,0.040349624633789063,2020-04-02 17:00:29,-207.79883182544,37,0.006401750364893002,4.895619675236526e-05
200,0.0,2020-04-02 17:05:10,-382.6578953877783,78,-51.399575233542244,0.00013125875082805854
201,0.0,2020-04-02 17:06:41,-337.1590804222342,62,-13.505533868434537,0.0006385718044949868
202,0.14508792114257812,2020-04-02 17:08:49,-258.7895014064244,45,-0.003994224601664653,0.0001327562700362176
203,0.08112606811523437,2020-04-02 17:11:12,-197.15954242426002,33,-0.004451335624259478,0.00010328845200871989
204,0.0,2020-04-02 17:13:46,-269.3223520472214,48,-23.23603180111654,0.0008654158766182744
205,0.09667446899414064,2020-04-02 17:15:53,-234.25386272836994,41,0.005115291541036182,0.00012213571331767128
206,0.015906623840332035,2020-04-02 17:18:59,-276.25140453207314,49,-0.0018822403095226647,3.1678823315688334e-05
207,0.0,2020-04-02 17:21:06,-329.13405617548574,62,-22.6835688431915,0.0005412480494575236
208,0.023436927795410158,2020-04-02 17:23:21,-272.8531627315009,49,-0.008241574569549659,1.8938820431145486e-05
209,0.06440391540527343,2020-04-02 17:26:53,-332.7782266816392,57,0.0007435116418941234,3.722780884718666e-05
210,0.14981341552734373,2020-04-02 17:28:11,-200.70830093279028,32,0.006747630768517254,0.000301232848461307
211,0.05976988220214843,2020-04-02 17:32:00,-337.00623992620996,56,-0.007101501204311411,3.334020794202739e-05
212,0.0926044464111328,2020-04-02 17:34:38,-271.6580227983077,46,0.002514363066179498,6.761825978878571e-05
213,0.2262139892578125,2020-04-02 17:36:31,-245.9472251419315,37,0.003827883280532518,0.0003569903061555229
214,0.20173287963867187,2020-04-02 17:40:03,-320.9999332985633,55,0.0031566579885622392,7.047589347674695e-05
215,0.03872618865966797,2020-04-02 17:42:13,-232.3850899485251,39,0.0008707685650477112,3.8333922693732326e-05
216,0.0,2020-04-02 17:45:57,-388.4772085418193,73,-46.323285065893366,0.00025850096241896364
217,0.0,2020-04-02 17:49:00,-350.00682685039186,62,-11.221527140583689,1.6094009438686654e-05
218,0.05605046081542968,2020-04-02 17:53:04,-392.5188187855911,72,-0.002842346687262909,3.873328431430173e-05
219,0.28279797363281245,2020-04-02 17:54:54,-247.90062199926672,40,0.009253696334500239,0.00035732505886839196
220,0.289017333984375,2020-04-02 17:56:26,-244.25524365449414,40,0.006140815592406805,0.000828371159518922
221,0.03855088806152343,2020-04-02 17:58:07,-307.0839626332208,49,-0.00821897751232692,5.3936150855117054e-05
222,0.05662971496582031,2020-04-02 18:01:13,-268.37023812034516,46,0.001056834085829017,5.86816593054502e-05
223,0.0,2020-04-02 18:02:47,-204.60240235472332,38,-15.432164359061645,0.001159462689171591
224,0.0,2020-04-02 18:06:27,-242.4561885898473,45,-27.96064041338667,0.000551977241569711
225,0.0,2020-04-02 18:09:56,-285.3733899704423,53,-20.671429371973492,0.00014475315892458274
226,0.0,2020-04-02 18:12:55,-357.93396034144513,65,-0.056329223916681936,2.8075065397725238e-05
227,0.0,2020-04-02 18:14:23,-365.0554429731391,61,-25.029996167663807,0.0006518484062219721
228,0.0,2020-04-02 18:17:03,-365.96094216749356,65,-16.791938524462417,5.558751900682983e-05
229,0.03551742553710937,2020-04-02 18:18:51,-297.92712802559276,56,2.5737767892497487e-06,5.776470792126043e-05
230,0.009016548156738281,2020-04-02 18:22:03,-346.03237216459394,63,-0.0019348280862390155,1.4055315153431868e-05
231,0.0,2020-04-02 18:23:22,-229.42474775136043,42,-19.02094195151636,0.0013019113603909623
232,0.0,2020-04-02 18:26:29,-270.0386865619865,49,-25.12716066187083,0.0003416359040426941
233,0.0,2020-04-02 18:28:08,-214.9325250541558,38,-17.268324578424032,0.001646367345250185
234,0.0,2020-04-02 18:30:05,-223.46477695653385,41,-18.286567935146003,0.0013068609057821897
235,0.03943501281738282,2020-04-02 18:32:35,-229.83896091144663,43,-0.0021856118123393387,4.036107222122986e-05
236,0.0,2020-04-02 18:35:46,-307.3689284253852,56,-15.78986885197356,0.00018384240161146712
237,0.10234506225585938,2020-04-02 18:37:24,-305.8754975240947,55,-0.0002734960118229491,9.60601596641817e-05
238,0.02525852966308594,2020-04-02 18:40:30,-274.22508311730115,51,0.004363849899374828,8.96476297436093e-05
239,0.08307723999023436,2020-04-02 18:42:31,-247.35627848239676,44,-0.00454468307663336,0.00011165142656112443
240,0.0,2020-04-02 18:44:31,-244.4538595908135,43,-17.48805968185668,0.0012361727873759882
241,0.0,2020-04-02 18:46:05,-213.5367612824975,37,-4.013448759401072,0.0001627624737630893
242,0.03196568298339844,2020-04-02 18:49:12,-292.76381389661816,54,0.0061354409256992315,4.598568255626965e-05
243,0.07265066528320313,2020-04-02 18:51:13,-241.5270062605807,43,-0.0021286522630792337,0.00014083953763361276
244,0.0,2020-04-02 18:52:39,-131.45975581398721,23,-12.64332942900961,0.0033249633468721783
245,0.014428001403808595,2020-04-02 18:56:22,-262.810681058068,51,6.04422033650617e-05,2.299847416258755e-05
246,0.0,2020-04-02 18:58:01,-220.8724431301079,43,-20.48118046227955,0.0012022899706302245
247,0.0,2020-04-02 19:01:00,-149.18859489918842,30,-14.556475675868025,0.00097087216192358
248,0.006333686828613282,2020-04-02 19:04:17,-203.267721003031,40,-0.0006271431935298485,2.4995394625388215e-05
249,0.0,2020-04-02 19:07:13,-171.71578308718682,34,-10.412082408563599,0.00017033636136384108
250,0.0,2020-04-02 19:10:12,-174.7873144759423,34,-21.353903932695427,0.0013359668336885597
251,0.0,2020-04-02 19:14:20,-208.74971637189395,39,-8.933034176046048,0.0001058130067277446
252,0.08069924926757813,2020-04-02 19:17:04,-213.7052666057775,36,-0.003112672584087539,0.00013352419948596612
253,0.11700933837890624,2020-04-02 19:18:34,-147.68592575256235,24,-0.002788328501437398,0.00047955501988378147
254,0.013810638427734376,2020-04-02 19:20:56,-193.0919383786516,33,0.0018135999518603932,0.00010536599894661823
255,0.03894721984863282,2020-04-02 19:23:33,-191.6069701792758,35,-0.0013286970301171763,6.27870930238113e-05
256,0.0,2020-04-02 19:25:29,-167.03200249768383,32,-17.468999153250785,0.0016222005811935842
257,0.0,2020-04-02 19:30:34,-203.2204816939022,41,-31.307931541257474,0.0007862822826744743
258,0.0,2020-04-02 19:32:05,-154.3653724106969,29,-8.107101960207789,0.0036006197640251767
259,0.0,2020-04-02 19:34:01,-109.24129174757742,21,-6.818071995008577,0.006411399369173673
260,0.0,2020-04-02 19:35:41,-78.80682354565869,16,-8.051916466547423,0.008737113911169525
261,0.052468231201171875,2020-04-02 19:39:35,-149.4725089611022,26,0.000805477807521271,0.00016048352102944816
262,0.13691738891601563,2020-04-02 19:42:37,-181.0215652102846,32,0.00014681229435696552,0.00018687601004508468
263,0.0,2020-04-02 19:44:28,-138.23268780402174,25,-11.912989630298028,0.0032729715711602415
264,0.09140020751953125,2020-04-02 19:48:46,-136.57458230368252,24,0.002166932940022459,0.0002937855017612897
265,0.04446537780761718,2020-04-02 19:50:37,-178.0155123172611,30,-0.004566406302579651,8.920712320890173e-05
266,0.0,2020-04-02 19:54:10,-154.3792750928996,27,-23.926495101865235,0.0015491600504330667
267,0.0,2020-04-02 19:58:20,-139.2601827816338,24,-17.494027191472764,0.0019772337819743972
268,0.04077644348144531,2020-04-02 20:02:30,-134.12857025673412,24,-0.0038757274686735954,0.0004455070493858911
269,0.08481500244140626,2020-04-02 20:05:53,-102.54413627408601,17,-0.007273743081719745,0.0003868789270081347
270,0.040471572875976566,2020-04-02 20:12:15,-136.99992306512763,25,0.006552695961424382,0.0005108912585108804
271,0.0,2020-04-02 20:14:40,-78.13657546506968,12,-7.567949416219294,0.011605549907693571
272,0.10521084594726562,2020-04-02 20:22:50,-118.4538563145182,20,0.0058154553572962175,0.0002478428354531979
273,0.12499694824218749,2020-04-02 20:25:20,-73.9405018081777,10,0.000454039664458839,0.001367305298941839
274,0.0,2020-04-02 20:33:00,-68.40473469725998,13,-12.999991224170099,0.0059171677522494226
275,0.0,2020-04-02 20:42:03,-41.194477836371654,9,-5.84368725729598,0.018637557969890212
276,0.0,2020-04-02 20:43:40,-24.7331564146687,5,-3.8295731878329695,0.05434194642114655
277,0.1242652587890625,2020-04-02 20:48:25,-56.532138519740684,10,-0.0029336587356684207,0.001441317675860323
278,0.0015853271484375,2020-04-02 20:53:53,-102.6557644100537,18,0.0034636791853334334,0.001545141603967748
279,0.0,2020-04-02 20:55:54,-90.5693420189736,16,-7.082589634306,0.015542887583179215
280,0.0,2020-04-02 20:59:59,-25.432328449675346,5,-3.9999939102236706,0.04999999999955731
281,0.0,2020-04-02 21:05:44,-20.332393824276274,4,-4.0,0.062499999999999986
282,0.0,2020-04-02 21:14:05,-82.58889575607121,17,-15.986533915552217,0.0036764289215698927
283,0.0,2020-04-02 21:17:54,-15.326188067917307,3,-2.999988234557647,0.11111198262739752
284,0.0,2020-04-02 21:22:22,-7.356345279908556,1,20.22492066307062,0.0024447043581317597
285,0.0,2020-04-02 21:27:24,-41.67621617279242,7,-5.999780232899489,0.02381119143929792
286,0.0,2020-04-02 21:29:11,-21.80196002281849,4,12.209541562479949,0.0020802108107295663
287,0.0,2020-04-02 21:31:45,-23.17300868979664,4,-2.991962261478378,0.08368400075726978
288,0.0,2020-04-02 21:39:44,-47.09395515524342,10,-8.995135366298944,0.011111081895613358
289,0.0,2020-04-02 21:45:45,-32.617639381399,4,-2.988802926688353,0.08332985703082857
290,0.0,2020-04-02 21:53:45,-37.89313320188226,8,-6.9982473470127005,0.01785713504633237
291,0.0,2020-04-02 22:02:18,-13.890070444895485,3,-2.999999999321552,0.11111111116136652
292,0.0,2020-04-02 22:11:32,-39.120688849044534,8,-6.95992869516139,0.017853047598910838
293,0.0,2020-04-02 22:18:34,-44.46641470972945,8,-7.999999999890809,0.0
294,0.0,2020-04-02 22:25:24,-18.73481945580643,3,-3.0000000000000004,0.041666666667804074
295,0.0,2020-04-02 22:34:00,-18.581531247203515,3,-3.0,0.11111111111111109
296,0.0,2020-04-02 22:42:41,0.0,0,0.0,0.0
297,0.0,2020-04-02 22:42:48,-20.239443089973665,4,-3.999999999999999,0.06250000000000001
298,0.0,2020-04-02 22:46:01,-18.883039324454746,4,-2.998247351294519,0.08333324800626836
299,0.0,2020-04-02 22:54:32,-43.73959702855491,8,-8.0,0.015625000000000003
300,0.0,2020-04-02 23:02:34,-23.729826004959193,5,-3.9999939103513493,0.04999999999953646
301,0.0,2020-04-02 23:11:18,-23.875052071601147,4,-3.9999999999943654,0.06250000000017608
302,0.0,2020-04-02 23:16:32,-19.031422505548516,3,-2.9999999999999996,0.0
303,0.0,2020-04-02 23:25:33,-13.160063242568123,2,-2.0000000000000004,0.1666666666666667
304,0.0,2020-04-02 23:30:13,0.0,0,0.0,0.0
305,0.0,2020-04-02 23:39:07,-33.31197714943323,7,-7.0,0.0
306,0.0,2020-04-02 23:46:31,0.0,0,0.0,0.0
307,0.0,2020-04-02 23:54:44,-13.831594157179843,3,-3.0000000000000004,0.11111111111111109
