,estimated_f2b,log_likelihood,trips_number,gradient,hessian_eigenvalues,asymptotic_confidence
0,0.0,-87.45934766465213,19.0,-19.0,-8.0,6.3137690675825835e-06
1,0.0,-17.73088605166729,4.0,-4.0,-3.0000000012999783,2.9990403071017273e-05
2,0.0,-59.85849336859039,12.0,-8.568536111516687,-9.07994006632418,1.3305146602882913e-05
3,0.0,-35.54251305435561,7.0,-3.74951192827946,-3.53325092765672,3.385876345985281e-05
4,0.0,-25.626986248779993,5.0,-4.999966541074031,-4.999933083491463,-2.16576411849367e-09
5,0.0,-15.197494495242228,3.0,-9.599550313047355e-08,2.2388260320543386e-10,-535823.7333368004
6,0.0,-93.38656665267892,19.0,-13.240364008020846,-23.961367760110317,6.419798362072435e-06
7,0.0,-41.7124536548843,8.0,-2.997072650545869,-2.334981507577917,4.996249062963145e-05
8,0.0,-71.85867638872124,15.0,-10.655504125549363,-2.7736657043328634,6.528190818447834e-06
9,0.2939827251434326,-28.30784965455208,5.0,8.909063172524156e-06,-18.70677220251558,1.0057902957324416e-05
10,0.0,-23.31500448486342,4.0,-2.8819343914989104,-11.792855050285754,4.324396218184816e-05
11,0.0,-84.73682866793531,15.0,-11.00232328900173,-11.001472587406322,1.0909425982177065e-05
12,0.0,-88.26028323997933,18.0,-17.63920891539352,-40.470472578678965,6.893588134418518e-06
13,0.12978020668029783,-51.488981635066374,9.0,-2.4921918683418198e-05,-17.399096790358595,2.9652915099486377e-06
14,0.0,-82.84068693901129,17.0,-12.98527864999697,-13.00010860167105,9.227739239814932e-06
15,0.0,-97.27893862690867,18.0,-11.397293775946308,-36.22187549114362,7.032340700407342e-06
16,0.15906924247741694,-72.57599730961836,12.0,-8.956409776649313e-07,-17.037582906980486,3.32114292189458e-06
17,0.0,-78.4963653629046,15.0,-14.99999427213659,-14.99864893000656,7.997532431164917e-06
18,0.0,-44.41115227067569,8.0,-3.9999999902589476,-4.0,2.9990403071017273e-05
19,0.0,-135.14715236170946,28.0,-23.56812387445757,-22.92255325896298,5.3210678981012975e-06
20,0.0,-87.14930888557689,16.0,-1.8929457403583063,-11.199932090002362,1.565729311938056e-05
21,0.0,-84.033176860252,14.0,-10.536550035219266,-6.949821790418324,1.2227012657848028e-05
22,0.0,-23.309728937783852,5.0,-2.9988817101735297,-2.999990464925148,3.9987331188736526e-05
23,0.0,-211.72013306742906,41.0,-33.97100702254698,-1792.8902727656753,3.5282468195705598e-06
24,0.09763987541198729,-116.63811282162666,23.0,-2.2213991630604113e-05,-3695.734073375983,8.095856214784165e-07
25,0.0,-157.92848760475732,32.0,-18.33243772113324,-1429.4692430558603,3.36272598124416e-06
26,0.0,-164.11706561490584,31.0,-24.970699760886983,-955.7468374027112,4.80498177325208e-06
27,0.0,-355.07764171774306,68.0,-26.455098650220403,-148.43522115422203,3.4949597962837375e-07
28,0.057549905776977536,-229.012553747247,40.0,2.7835638618967096e-05,-166.16381814213403,7.158200896937326e-07
29,0.0,-222.48407976407054,42.0,-28.5172633461614,-349.36726144074964,3.94433543141559e-06
30,0.0,-214.42211896785258,41.0,-22.679721047125934,-517.4574678111937,5.236451604177406e-06
31,0.0,-367.11117372270064,64.0,-34.00487319234737,-34.000201534886706,2.7366082699747088e-06
32,0.024733572006225585,-380.79334344154444,72.0,-0.0012768253362787085,-35.659563253882425,6.726929883692549e-08
33,0.0,-224.7275676099206,38.0,-8.220798728342947,-24.96587232487491,1.2221598238454526e-06
34,0.0,-318.11694499607677,58.0,-20.998255344427857,-98.00067331485539,3.46100708829637e-07
35,0.11937203407287597,-507.0392085149634,91.0,-0.000303154363995084,-43.850291190047585,3.411353453127655e-07
36,0.07069418907165526,-432.98930788834815,75.0,-4.59607290286268e-05,-22.900723898859432,2.8493641919875923e-07
37,0.0,-345.2627544286365,62.0,-6.865974925411139,-30.421137284402764,4.62693144307999e-07
38,0.0,-319.08109764692216,58.0,-32.58332115496235,-14.619098110937852,4.0606414199118e-06
39,0.0,-246.6624789251959,46.0,-13.621483125578031,-29.38467793243856,8.19246195467161e-06
40,0.0,-398.87076361031137,75.0,-41.01301626994719,-421.41579965500847,4.841656271366355e-07
41,0.08661801338195801,-375.9854010806948,65.0,0.0003242491433244942,-223.9208541883592,7.216575356096272e-07
42,0.06732550621032715,-393.5261635683467,69.0,-0.00011432668686854924,-346.81467023560197,3.50741797684021e-07
43,0.035043554306030275,-423.7208090288233,74.0,0.009786918386294363,-247.8480220148737,2.2907667753326058e-07
44,0.0074407482147216784,-379.6238929862511,65.0,0.06202961206624091,-342.68605409311357,1.924527498905771e-07
45,0.019274568557739256,-287.22874703355626,49.0,-0.0006353001465351227,-145.16541636523223,1.5877024670555153e-07
46,0.0,-317.89211415802134,50.0,-35.421171784227795,-449.5890004747026,3.4226400213988046e-06
47,0.028525228500366206,-953.7038856252614,168.0,-0.002276849311912299,-35.0479165819536,3.247580175529396e-08
48,0.4663293743133545,-1227.4231950099265,203.0,-0.0004070681461703085,-1840.563890057147,1.972637228461693e-07
49,0.07953320503234862,-1028.0585154409632,168.0,-0.0005974155061525543,-966.3782945948042,1.2504997252382376e-07
50,0.09795144081115721,-859.9637487173925,141.0,-0.00021682157046809536,-1178.730794863729,2.855758850295437e-07
51,0.0,-630.6837043993517,105.0,-28.017620725731646,-608.2426236355949,4.5980788748802137e-07
52,0.5306100368499755,-1345.8679536323443,237.0,4.047402378803966e-05,-4676.958877765024,2.3107372250644112e-07
53,0.0542548656463623,-1402.1165699698226,248.0,0.0010294353921480592,-3355.547655117512,7.815273668765298e-08
54,0.20030539512634282,-1035.5956123604815,180.0,5.452657666493721e-06,-1717.9539678318636,5.558656839630096e-07
55,0.004181585311889649,-894.3994291703132,159.0,-0.0006265841951786921,-1517.5165668841103,9.260217481239206e-08
56,0.0,-985.5917191869834,170.0,-95.3580329191615,-1102.4364834679097,1.2734660582026106e-06
57,0.06677224159240723,-881.9404762923555,161.0,0.0006224477047670485,-1250.1082008642304,1.0987936644794238e-07
58,0.34316096305847166,-834.5075551370954,146.0,0.00011891238666163553,-878.2200812937465,5.762879299309553e-07
59,0.0,-927.0881486799179,160.0,-31.746598422114975,-715.1405456537457,6.25023273597361e-07
60,0.14828719139099117,-1011.88557441111,177.0,0.00024854661765817037,-518.9107212159979,3.7842843788472075e-07
61,0.0,-706.9351198288321,125.0,-50.621538006008684,-586.8667184307918,1.0882461022104447e-06
62,0.010750894546508788,-830.3710198003358,144.0,0.0011973377927896323,-673.7150791501118,2.614304379267794e-08
63,0.03600468635559082,-901.8190693704278,160.0,0.0004636396318300484,-421.0096829746877,2.0459000140869253e-07
64,0.1966855716705322,-1338.5984631250071,231.0,0.00028864092418601217,-348.6480884432635,1.818967023107882e-07
65,0.30452496528625494,-1052.3192081741165,179.0,0.0001830433954676542,-404.1181581729436,3.507733863575074e-07
66,0.0,-991.044595606968,172.0,-8.949787794061184,-340.604657767123,9.691493002652434e-08
67,0.004121160507202149,-863.1521868152327,151.0,-0.000574459756637502,-259.9343463053917,1.3305550227525102e-07
68,0.005063409805297851,-857.6924916158048,157.0,-0.0004592140069012744,-215.4150196272839,8.123444738289977e-08
69,0.005682764053344726,-766.2525619335776,136.0,0.00040399974778027037,-210.3698129585626,3.656314242193935e-08
70,0.05741772651672363,-588.6559023392385,103.0,0.00033698365263473695,-181.63726915395577,2.967604182573878e-07
71,0.0,-650.1239471305184,119.0,-1.5296275113437405,-257.5833618603064,7.005097453123603e-08
72,0.0,-696.1498741984493,128.0,-46.8050463760935,-93.9662347466987,1.2802260680339846e-06
73,0.042732610702514634,-570.8922093447516,104.0,0.00014935028252455185,-108.32440356123894,1.811106604763799e-07
74,0.07227656364440918,-464.25722384127397,83.0,-0.0001972103107991119,-99.8900272684577,5.307387649967834e-07
75,0.0,-651.3592456773118,121.0,-81.6183022992201,-87.51649755813266,1.2506175276952564e-06
76,0.0,-356.13518031332325,66.0,-23.564764720959968,-87.24210360885465,5.178877839552556e-06
77,0.0,-407.37733215771186,80.0,-46.74175400946941,-23.041969842918363,1.4993274651967734e-06
78,0.0,-295.3274117040357,55.0,-23.367780215045325,-20.660218158184094,5.654876181504248e-06
79,0.0,-316.10738454836945,59.0,-34.49885853001937,-34.37691124951055,3.516737780202257e-06
80,0.0,-541.1302153596555,107.0,-88.22580385192808,-111.29708414174887,1.0776385770328225e-06
81,0.0,-378.4559299300416,67.0,-6.908494562192841,-2483.9761323410617,9.600765707045407e-07
82,0.02665583610534667,-543.4021372418204,100.0,0.0004555537096960216,-1658.100665607687,7.241085458267674e-08
83,0.03189202308654786,-477.9447345458204,82.0,0.0006488597070394369,-1304.811394832225,9.195974027297931e-08
84,0.019595575332641602,-406.1780022991587,74.0,-0.000945035141674877,-747.8573675608964,4.8462080146281306e-08
85,0.043344411849975575,-305.63575400467005,55.0,0.0006829457422039553,-484.12598981500184,1.6033855616731245e-07
86,0.0,-569.7201384365361,111.0,-23.606198866842384,-124.97486276993679,3.519918801256075e-07
87,0.0,-401.47786774758475,74.0,-8.921372237754968,-1075.8142373459373,7.368532758760401e-06
88,0.0,-174.5074285070705,31.0,-9.774671958640113,-6.018278719336967,1.7801161391743795e-05
89,0.0,-136.14611230401812,26.0,-10.745299225127892,-41.490079425917365,2.9314415098811562e-06
90,0.0,-179.41493060988017,33.0,-19.48574560624954,-22.4597561626026,6.221576743653221e-06
91,0.0,-224.80942437190063,42.0,-36.99511188834889,-19.15803759697101,3.24220505900618e-06
92,0.0,-194.88302525206987,36.0,-27.828488747880055,-37.00000774191105,4.281887033975134e-06
93,0.03745110511779785,-306.61917280401207,61.0,-0.0005180251814138614,-461.7006168003183,1.1249583849685715e-07
94,0.025870313644409178,-274.7699317311025,49.0,0.0004206088608060657,-860.9594850127594,2.664468175270656e-07
95,0.0,-170.9833025374857,28.0,-13.485825308713927,-28.016061921349095,9.899753130588497e-06
96,0.028906660079956056,-153.83573208643259,29.0,-0.0007037749831741991,-12.108329758508969,1.3968816892392432e-07
97,0.0,-85.98541540522581,16.0,-8.539886354776474,-857.601551975047,1.3631492153891417e-05
98,0.0,-190.23809312416984,36.0,-25.811127977757945,-8.80010061942227,4.611748660119941e-06
99,0.021793527603149412,-126.72645463359757,22.0,-0.0001446255096848592,-356.02441608702367,3.4150512614908176e-07
100,0.0,-197.54379773956086,33.0,-20.321443703188258,-26.01217480073169,5.043628535590976e-06
101,0.03392947196960448,-182.15372347719668,33.0,0.0006848974448165901,-23.763310890929024,1.3988067228585145e-07
102,0.0,-123.73645673510889,23.0,-18.925269890369385,-18.859508467255544,6.3608023857678775e-06
103,0.0,-100.72518367799242,19.0,-15.999990935605812,-15.999993816341506,7.497603665416777e-06
104,0.057984209060668944,-93.48054346585495,19.0,-4.817439010951219e-05,-303.4290338396985,3.953531102979856e-07
105,0.020849390029907225,-131.20030991911628,24.0,3.221504031132855e-05,-12.07689777409209,3.082247897548009e-07
106,0.0,-121.7950850258634,21.0,-12.545983200935355,-396.3755065111138,9.92756953367147e-06
107,0.02174065589904785,-211.11698653474417,43.0,-0.0010380646745975497,-1470.4865232868717,8.2068444675471e-08
108,0.0,-89.20137066411581,16.0,-8.889456776410979,-8.630878141509838,1.3898631243503984e-05
109,0.0,-98.78459282934166,19.0,-14.548626991882053,-360.7731375315268,8.166140709557273e-06
110,0.0,-104.07116825882991,19.0,-14.148644914524377,-176.27859058758423,8.57662537573667e-06
111,0.09679770469665527,-124.56317818154183,17.0,-3.061022373766558e-05,27.782279281976614,-2.30312470387892e-06
112,0.25925356864929205,-166.67405331253255,25.0,-8.040260925934462e-07,-69.59417203755322,1.0197244613467815e-06
113,0.12370751380920411,-172.51843681816283,26.0,0.00011003668709583781,-14.742138644747074,1.1313788127705657e-07
114,0.06673636436462402,-163.03466001280879,27.0,0.00012878635559654406,-13.940209213160374,-3.7633244025112943e-07
115,0.0,-172.28063778721483,23.0,-17.424399802254843,-17.20406901974196,6.9383054464830915e-06
116,0.0,-148.66025797617286,27.0,-20.5328320130348,-234.75050770223282,5.20096203064127e-06
117,0.12258587837219237,-147.25867881935505,26.0,1.9235354928426318e-05,-138.09008092125967,8.68039039008738e-07
118,0.05148476600646973,-182.15215527828659,31.0,1.0554809826146538e-07,-23.065267258121967,5.116999085164323e-07
119,0.0,-159.6077935554552,30.0,-25.001967073832276,-24.992002425186218,4.800000324710025e-06
120,0.0,-78.2491214605153,14.0,-12.000021462147714,-11.999998367060133,9.996802027430585e-06
121,0.02383097648620605,-130.83037149440324,24.0,0.00020206414707724107,-442.27822719632377,2.752639003244706e-07
122,0.0,-170.25045736183802,30.0,-19.750524593166244,2986.3357703657516,5.7873892189416985e-06
123,0.017314538955688477,-185.0386413634579,34.0,-0.0002331958085644949,-3079.548043334855,3.5249789183626095e-07
124,0.10485308647155761,-233.49026105756786,40.0,1.2255716317133292e-05,-1256.984222680121,4.6884122077723906e-07
125,0.0,-227.29643522892604,39.0,-28.828776405316955,-340.40404051980147,4.1674184925054574e-06
126,0.0,-163.85423966592552,32.0,-30.995094617424606,-255.85289654903548,3.869736627920408e-06
127,0.1468728733062744,-298.03621199126735,53.0,8.399700832528723e-05,-435.44011333204213,4.3897602923979923e-07
128,0.238101110458374,-171.48291417010978,28.0,4.934569678916034e-05,-596.2446488094603,1.8144832047794044e-06
129,0.06084116935729981,-162.29486104476953,28.0,-1.0555009282375849e-05,-20.713687529045927,3.47344779202854e-07
130,0.0,-134.7678806505142,21.0,-10.814799608959452,97.3695869701708,5.845814646306722e-06
131,0.06042386054992676,-163.25227719496286,27.0,-9.205118853694572e-05,-28.7851774073273,4.1530706335261856e-07
132,0.055552110671997064,-104.0467557138595,18.0,-0.00025788102416290926,-30.999942327325822,3.4993267915032467e-07
133,0.09098748207092283,-96.7112782843831,17.0,-8.600579230821914e-05,-236.8425825698612,9.216204131936083e-07
134,0.0545456600189209,-257.20154409824414,44.0,-0.0002782769948175279,-299.6547498863766,-8.280088719423212e-08
135,0.06251229286193846,-141.1270436131073,21.0,-3.489918380644683e-05,-342.4757102426451,-1.9469235068859552e-07
136,0.05891890525817871,-137.37313930779325,24.0,-0.0002549632273611824,-67.11301213554836,3.161531680576348e-07
137,0.03997384071350097,-174.55759733326244,29.0,-0.000605395760642935,-128.08324066661262,-3.209049707743865e-07
138,0.03695637702941894,-191.20845839507257,33.0,0.0005119674926632456,-183.76427020532336,1.5717926892257884e-07
139,0.0,-177.305154422554,27.0,-10.766962164493705,-1161.3998701095475,2.4846594264070414e-06
140,0.0017268276214599608,-247.0433335430203,42.0,-0.0007355741286472206,-859.8781113674265,1.3107956906335323e-07
141,0.0,-159.27246520693987,23.0,-15.783642148250308,-763.2152427372331,-1.9490197587501024e-10
142,0.0,-150.6501911173155,23.0,-13.935182724556316,-20.41146811825411,8.114825739000303e-09
143,0.02979981422424316,-267.59234848893703,43.0,-0.0006207463789313916,-48.267205386550565,1.0329053422435142e-07
144,0.0,-191.62595802308297,35.0,-27.49251838051078,-756.4366318008878,3.310158112970671e-06
145,0.03686573982238769,-168.42059463651393,31.0,-5.49299996277508e-05,-36.240440068104064,1.585884938153374e-07
146,0.0,-77.78655527004143,15.0,-8.79892466884686,-9.009206812293876,1.331544660610071e-05
147,0.0,-187.56253055818468,37.0,-12.104848889890388,-302.6368456516148,3.963879960330149e-07
148,0.0,-113.96839326070214,22.0,-18.97234962402169,-18.997791118919608,6.314503171823447e-06
149,0.0,-85.25154339900116,16.0,-10.77362113811083,-11.043825729403329,1.0862323910508118e-05
150,0.05350710868835448,-135.40347989567402,24.0,-7.204650308555009e-05,-267.7628180183088,4.4801442221821607e-07
151,0.07542431831359864,-172.440654350455,31.0,-0.00022324638728510315,-364.84105048429683,3.2880517454708e-07
152,0.0,-102.30880743613689,17.0,-15.999305247919253,-15.998610641403893,7.498251872328552e-06
153,0.05716847419738769,-163.6493107880827,29.0,0.00017641708123702915,-354.36176050635896,3.385553372246217e-07
154,0.0,-134.15683489394272,22.0,-18.95785729053975,-272.77400610243353,6.3413893819837384e-06
155,0.100757417678833,-184.0198241052211,35.0,-0.00020261571333035633,-18.917164744027467,4.412952542083115e-07
156,0.0,-93.11434682147153,16.0,-1.4055679992015158,-8.314146475431425,4.005804064295551e-06
157,0.0,-84.11364643415911,15.0,-8.68317112336668,-30.67043112183715,1.4332610389561152e-05
158,0.0,-141.31193636789402,28.0,-25.69716105606346,-26.063009411585103,4.602753679079351e-06
159,0.0,-160.3847475824625,32.0,-23.822871718246407,-24.007622023160103,4.99681359567517e-06
160,0.18430603981018062,-151.8436079102638,28.0,-5.96812007414016e-06,-114.16752195311062,1.0512715349395385e-06
161,0.0,-116.46265459831241,19.0,-15.899708925911748,-15.726864194458445,7.627294347777137e-06
162,0.05426241874694824,-108.23130974309852,18.0,-0.00028276830578555234,-580.7921306201185,-3.7393894569829344e-07
163,0.10424317359924315,-134.5472646716351,23.0,0.00013616099467506082,-649.1690747610864,5.251605532482578e-07
164,0.06669671058654786,-104.13543301179443,16.0,-8.613502456356059e-05,79.20246916432382,1.375308998950571e-07
165,0.08134028434753418,-151.96342912274642,24.0,-0.00010439165613050291,-283.94409296711177,-2.448804247666808e-07
166,0.039845438003540026,-183.32125114889428,31.0,-0.00056940317827614,-129.24756222583173,1.8479259146692226e-07
167,0.07637412071228027,-97.49153113914645,18.0,4.668575377506653e-05,-187.34357908085212,6.390230257235588e-07
168,0.0,-197.31950632593401,36.0,-29.737756062910922,-930.306478376559,4.060308648283331e-06
169,0.0,-125.04458010471993,23.0,-17.944641303908675,-291.01625598200235,6.686137062219961e-06
170,0.0,-120.63086418105567,22.0,-13.862516907173065,-29.554191177631292,8.56511703998764e-06
171,0.0,-159.22858296905986,28.0,-21.51690511148308,-429.0813233170541,5.42853741405102e-06
172,0.0,-105.5454421851303,19.0,-15.837328582064544,-320.0678250853949,7.485368676547541e-06
173,0.0726863193511963,-149.1810351022217,25.0,0.00025690415094437036,-227.93335933263347,4.122197231280155e-07
174,0.0,-94.27143881102307,12.0,-8.759256390508627,-17.93870915998376,1.3296287963277057e-05
175,0.07556782722473143,-235.84388354680667,40.0,-0.000328271021170945,-22.09833022308502,3.045245749318836e-07
176,0.08297364234924315,-210.18257435914933,35.0,0.0001018593463899542,-14.00566740607033,4.904288300623472e-07
177,0.06668915748596192,-105.46847647864165,17.0,0.00018660518231183865,-16.02614613191916,5.109520463191293e-07
178,0.21464306831359858,-53.57990978392559,8.0,-9.237342433132678e-06,-9.022185796466017,5.640717756933063e-06
179,0.033287458419799805,-192.88600458740558,32.0,0.000464161073378655,-20.80520049740173,1.289485098381731e-07
180,0.0,-111.4652952089912,21.0,-16.99240025763159,-16.999824531926546,7.05663826592444e-06
181,0.0,-94.84311873047497,19.0,-15.959858019991513,-16.001495931492872,7.49689983835113e-06
182,0.0,-111.87421005776997,22.0,-13.772282638096511,-14.028130584661653,8.55150382013359e-06
183,0.04307438850402832,-298.0254736164102,54.0,0.0002856510866944273,-816.420052114701,1.8238593448519368e-07
184,0.05989703178405761,-350.0817617185034,63.0,0.00033505778123488206,-657.5336867298826,1.469921641202792e-07
185,0.0,-153.47802811918527,29.0,-22.898123681235912,-1135.1214341832888,5.2226596259698e-06
186,0.013519105911254882,-166.31643360918088,28.0,6.230743879376277e-05,-22.969447871164952,2.7821810023362826e-07
187,0.027754812240600585,-263.46783572271596,46.0,0.0005516646769123668,-431.17832065518616,1.0568760697405707e-07
188,0.08468819618225099,-134.92123179641686,23.0,2.3468961493300355e-05,-1070.7193789330008,6.253045718700392e-07
189,0.0,-189.72805629187073,35.0,-28.818833428759053,-659.0596538511045,4.132529454090145e-06
190,0.0,-206.1386999292015,39.0,-29.11761632420459,-617.9726032513487,3.7850354147568478e-06
191,0.0,-184.34968204214488,35.0,-21.227567018017197,-761.0146548193453,5.74656747788122e-06
192,0.0,-117.30637808694921,22.0,-11.80718444498288,-191.84329741434124,4.27765757077447e-06
193,0.0,-157.60975017769985,28.0,-24.915377554568476,-574.2679211577491,4.826305537721958e-06
194,0.11247227668762208,-206.01451722022873,37.0,0.00017457614209082095,-577.681874647722,9.959853363161362e-07
195,0.14407444953918458,-168.77715572323515,30.0,5.172836421800905e-05,-540.6435792651578,1.4269370858442543e-06
196,0.03900326728820801,-158.58211082129768,28.0,-1.6757324605709556e-06,-282.51387049831766,9.279944482929583e-07
197,0.05490443229675294,-194.03609197675917,32.0,-0.00025151890388275255,-271.26056811273133,4.302075319533506e-07
198,0.03668824195861817,-195.47616859904724,35.0,-0.00017805226672185093,-306.08183345433554,1.8774895602625923e-07
199,0.03785519599914551,-209.61841336846996,36.0,-0.00043109270412710585,-335.9202429602177,1.905480108491114e-07
200,0.0,-382.40643937682063,77.0,-47.58775506665469,-216.34258395576782,9.340023933094878e-07
201,0.0,-366.95314496044625,66.0,-12.39605273182466,-170.19548345928487,2.6814820827394323e-06
202,0.1432096195220947,-258.5003813374675,44.0,0.0001101864800925334,-134.28146035991682,7.142932707741878e-07
203,0.0793538188934326,-197.80840583460684,33.0,-0.00016658287557191898,-20.57216003942969,3.920909716760062e-07
204,0.0,-239.52256569720382,43.0,-20.359597950883124,-32.419051763890124,5.303069106510335e-06
205,0.08876120567321776,-235.12779494167242,41.0,-0.0001482074517427101,-29.02861571556642,5.56815981509679e-07
206,0.020029878616333006,-265.16110865228273,48.0,0.0003061260668661969,-74.89318716688577,2.1366309035653793e-07
207,0.0,-328.85742866259534,61.0,-25.920896930197408,-24.846249875961995,4.3143975667534184e-06
208,0.02212397575378417,-278.4060202340729,49.0,-0.0008000477555627494,-28.055907882616356,1.1283313183564155e-07
209,0.053227643966674794,-335.8196879666016,57.0,-5.07669354155027e-06,-44.02488606195665,2.1441148387853657e-07
210,0.16503241539001462,-209.18060604336833,32.0,-8.475075544289723e-05,-22.57531207600604,1.3841074032981366e-06
211,0.05870175361633301,-322.37397634899986,54.0,0.0003063148005884031,-27.77378315364692,2.1585511645802435e-07
212,0.09297017097473143,-293.98345775614047,47.0,-0.00029658019848687045,-91.35906326852914,3.967486239885568e-07
213,0.19010682106018062,-257.0117896272363,37.0,4.79833020972098e-05,-84.74414089485359,1.3099064818906192e-06
214,0.21756611824035643,-326.4823187566856,55.0,0.00017314147084568354,-91.40648611477764,4.859323478438191e-07
215,0.03696015357971191,-239.32271854172075,39.0,-0.0003652891173629959,-241.73036232475516,1.6084816870413405e-07
216,0.0,-367.89029288219245,71.0,-48.136348024890914,-1614.3374755563327,2.3509347022834106e-06
217,0.0020383930206298827,-347.03383656327924,63.0,0.0010476115221593196,-51.0271987420112,7.464874200967478e-08
218,0.07436499595642088,-404.9106974700761,74.0,-0.00018942300200208706,-991.0858284714479,3.774216762902899e-07
219,0.2719786548614501,-272.568281199284,45.0,-9.69597569203501e-06,-1068.065204000433,1.7453660367275876e-06
220,0.41232281684875494,-242.9493237167277,40.0,3.238073131902469e-05,-476.07829364820043,3.3386144477503896e-06
221,0.03172207832336426,-313.76072753726686,49.0,0.0006966325220942871,-669.2503709135468,2.3226486078713167e-07
222,0.06065045356750489,-271.79366123421096,45.0,0.0002073588076267896,-346.09472456506353,3.4798365062151495e-07
223,0.0,-206.72139471635387,38.0,-17.258229924369797,-388.4897701881395,5.958708959742868e-06
224,0.0,-242.31123012443922,45.0,-10.414943459869924,-271.69861101540505,3.1328134778092375e-07
225,0.0,-276.382315253623,50.0,-20.145220890232945,-392.6668014700421,1.3635458627441033e-06
226,0.005756406784057616,-335.34581988693765,62.0,-0.00019220016586207755,-740.3049067041864,2.710766782952031e-07
227,0.0,-353.1984345113324,64.0,-24.517338350126288,-248.65004256655467,5.400602233916762e-06
228,0.0,-351.8196635752265,65.0,-17.148907107604508,-361.4969832474439,4.827092086567773e-07
229,0.024943170547485353,-317.2172643700309,59.0,-0.00010082312288872686,-67.42914061321115,3.05633440310771e-07
230,0.008016672134399416,-318.8365789881914,58.0,-0.0002734875642969037,-87.68751926200504,1.1383243936100313e-07
231,0.0,-226.60065064264572,40.0,-18.953454755873793,-327.92777949884226,6.760464827761218e-06
232,0.0,-262.87219994798204,48.0,-21.012566564881983,-35.783352264227815,2.3939314491335836e-06
233,0.0,-232.2692761300308,41.0,-17.919906534490444,-221.37664269115047,7.30958080139079e-06
234,0.0,-218.73937799986845,40.0,-18.78396433864998,-207.98791265372557,6.5335791690270455e-06
235,0.033974790573120105,-247.5097490128536,46.0,0.0004524001494301544,-93.98061470831256,1.7925976808220781e-07
236,0.0,-307.8599351205829,56.0,-17.547166795882823,-53.29655215676251,2.1039318389336937e-06
237,0.08945231437683104,-348.05260162658976,63.0,3.0185223506925194e-05,-52.62644686683641,5.498073263517677e-07
238,0.056192235946655275,-293.46081548279784,52.0,0.00014424460661666139,-20.127789129875197,5.001713524474031e-07
239,0.08210881233215331,-265.97413739187965,47.0,-5.558265044713906e-05,-22.132842869766836,5.790311604883442e-07
240,0.0,-265.480030997088,47.0,-17.58093950260685,-15.425157660034992,6.924460696754373e-06
241,0.0,-210.01923275972769,36.0,-10.623373911803078,-19.321469917514335,1.277486069640519e-06
242,0.0538432216644287,-276.4441861759363,50.0,1.3168121210993533e-05,-17.73914346269354,3.6631944140783477e-07
243,0.07184414863586425,-247.67810431787203,44.0,-0.00010648477353503161,-17.314434873427317,7.893911213628663e-07
244,0.0,-153.15203142352385,26.0,-13.861012028367458,-155.91390311846075,9.12569675929245e-06
245,0.021159067153930664,-264.442846425577,50.0,-0.0002879616914062133,-13.116036795433306,1.6580070134108624e-07
246,0.0,-251.4572364308552,45.0,-22.61766412108388,-21.172077900319422,5.662272204693176e-06
247,0.0,-157.71232634646248,30.0,-16.18295429152506,-736.8563163098115,4.743718663270248e-06
248,0.0,-211.13273917313987,41.0,-4.442124592915542,-482.15925811348313,1.6280667158859563e-07
249,0.0,-173.8423611508725,34.0,-14.555614433162937,-1050.3723704666463,1.3132227831569609e-06
250,0.0,-172.07278898344407,32.0,-21.731533817836066,-317.8391335764049,5.465120964833553e-06
251,0.0,-209.09570653843662,38.0,-10.604620936556588,-226.42394152546794,7.684464246051276e-07
252,0.07193856239318847,-209.341374124543,36.0,-0.00019226859856513734,-227.9736911244085,5.280109144222023e-07
253,0.11447762489318847,-142.26029138902305,24.0,1.9306677311092812e-05,-91.35685912601727,1.2318177302684323e-06
254,0.01960690498352051,-199.90653568453686,33.0,3.280677780120875e-05,-387.3524409057593,3.7744266319329233e-07
255,0.0380855655670166,-188.16417276436744,34.0,0.00044745643245480693,-81.48062333741584,2.490687785683988e-07
256,0.0,-164.283279429329,31.0,-18.21928636835908,-25.288517397142844,6.3615164351842835e-06
257,0.0,-203.06570962386422,41.0,-24.66577919286856,-21.94993210290064,3.0950544035657567e-06
258,0.0,-162.05396903540492,30.0,-8.083256323335446,-51.06330647339521,1.846447875313929e-05
259,0.0,-120.3138693392375,23.0,-4.768150607647906,-18.856599726268993,7.582695692735287e-06
260,0.0,-79.89063044343854,16.0,-8.750604804876302,-6.017450993570382,1.6000167872669852e-05
261,0.057821817398071296,-133.1889117492165,24.0,-2.9691127504172243e-05,-7.192023857735751,6.558431228710668e-07
262,0.1380848407745361,-182.5365957610845,32.0,7.301770521441278e-05,-19.418515617135835,7.278209559054389e-07
263,0.0,-142.24214624787146,25.0,-13.040470673894692,-183.26727419631348,9.529674289305648e-06
264,0.08466931343078614,-113.77202542755447,20.0,-9.699294106990664e-05,-164.86195415851688,8.476563792233363e-07
265,0.04229264259338379,-181.8451504272019,29.0,-8.749327036161603e-05,-261.09486032544817,3.115597819538791e-07
266,0.0,-168.28034041469266,28.0,-7.524102087161069,-141.21209197962395,4.594669669820089e-07
267,0.0,-121.77122923421236,23.0,-19.0930257092631,-12.58631097090194,5.796303923736562e-06
268,0.04035149574279785,-132.5024692490053,24.0,0.0002188162590279763,-20.69616514820378,1.2722461015424563e-06
269,0.0836930751800537,-100.13944194832366,17.0,1.5867126937049334e-05,-7.662379907973522,7.704137080155645e-07
270,0.040793352127075196,-135.53574211895682,25.0,-0.00015263184591352008,-45.00324863058007,1.540438648789214e-06
271,0.0,-85.59140917764685,13.0,-7.88256110693321,-155.7106664445181,1.5623061873913497e-05
272,0.10549510002136231,-115.38775712533071,19.0,0.00016785170275523953,-73.23554845189278,5.978199459680916e-07
273,0.12490468025207518,-76.93958585963462,10.0,-1.677938213291881e-05,-12.999982169210664,1.6380278141517774e-06
274,0.0,-66.36084595987133,13.0,-12.999991084619092,-200.6652311348259,9.227828986413096e-06
275,0.0,-41.27243342854966,9.0,-5.842219555464378,-5.922322520659901,2.0286108585075903e-05
276,0.0,-39.49615670488156,8.0,-3.946215380930229,-3.889454667803085,3.0812515086560544e-05
277,0.12160208702087402,-57.70287101374133,10.0,-4.7172934279970935e-05,-71.13253569661966,1.6864550738299856e-06
278,0.17264027595520015,-102.86553108996323,18.0,-2.7925062318419347e-05,-60.97037408704847,2.089557605094962e-06
279,0.0,-84.7433619519302,15.0,-9.613012230714775,-8.209814361956806,1.4489955005146468e-05
280,0.0,-25.20716178773338,5.0,-3.9999999999061377,-4.0,2.9990403071017273e-05
281,0.0,-19.18156310369696,4.0,-4.0,-4.0,2.9990403071017273e-05
282,0.0,-83.20868393033122,17.0,-15.998690129327759,-16.000001715761222,7.4975999637487195e-06
283,0.0,-14.21071569581159,3.0,-2.9999992609135724,-2.999998521827649,3.9987223797359125e-05
284,0.0,-6.911738213408094,1.0,13.494016483590901,-182.08848085955037,6.588094519782394e-07
285,0.0,-39.366862744643136,7.0,-5.983948506167137,-53.47043734558141,2.0100294441269286e-05
286,0.0,-21.373449886893148,4.0,7.981444729113169,-5.968151522729435,2.2435231760253432e-06
287,0.0,-21.599451369965635,4.0,-2.9966138435956933,-2.993296436357461,4.007674768874119e-05
288,0.0,-45.79698602291127,10.0,-8.999770513969267,-9.000000052663662,1.3329067953567953e-05
289,0.0,-33.937621620308846,4.0,-2.999038061259671,-7.000000000526823,3.998719185971479e-05
290,0.0,-39.79895381938603,8.0,-6.999963944411661,-3.0000009179170393,1.713737318214868e-05
291,0.0,-14.043804277940213,3.0,-2.9999999999868576,-2.9999999999737152,3.998720409504005e-05
292,0.0,-38.93555515168259,8.0,-6.9924689868588,-7.000056716158933,1.7137234332280433e-05
293,0.0,-40.65149568237729,8.0,-7.999999999990285,-7.99999999998057,1.4995201535545056e-05
294,0.0,-18.289641422652124,3.0,-3.0,-19.0,3.99872040946897e-05
295,0.0,-16.490713896990147,3.0,-3.0,-4.0,3.99872040946897e-05
296,0.0,-20.73684705145893,4.0,-4.0,-4.0,2.9990403071017273e-05
297,0.0,-19.168079957398536,4.0,-2.9999639447849136,-4.0,3.99872040773622e-05
298,0.0,-43.0159349832313,8.0,-8.0,-3.0,1.4995201535508637e-05
299,0.0,-24.055486718187115,5.0,-3.9999999999061404,-3.0,2.9990403071017273e-05
300,0.0,-24.49178324197679,4.0,-4.0,-4.0,2.9990403071017273e-05
301,0.0,-18.124861015934073,3.0,-3.0,-3.0,3.99872040946897e-05
302,0.0,-11.986758472482393,2.0,-2.0,-2.0,5.998080614203455e-05
303,0.0,-33.69955945511528,7.0,-7.0,-7.0,1.713737318343844e-05
304,0.0,-14.507043637187493,3.0,-3.0,-3.0,3.99872040946897e-05
